"analysis","pair","outcome_binary","method","b","se","p","OR","OR_lo","OR_hi","n_snps","F_stat","egger_intercept_p","cochran_Q_p"
"Layer1","FEV1 -> intel",FALSE,"Inverse variance weighted",0.135572341412645,0.0307640198181988,1.04886016244366e-05,NA,NA,NA,169,64.27,0.395169752024395,3.25479177458124e-60
"Layer1","FEV1 -> intel",FALSE,"MR Egger",0.215372771786993,0.0985433457296617,0.0302398603812751,NA,NA,NA,169,64.27,0.395169752024395,4.80135048267602e-60
"Layer1","FEV1 -> intel",FALSE,"Weighted median",0.0961824675014576,0.0286735043359115,0.000795366485593413,NA,NA,NA,169,64.27,0.395169752024395,NA
"Layer1","FEV1 -> intel",FALSE,"Weighted mode",0.0580371249051264,0.0946112851670684,0.540423611586467,NA,NA,NA,169,64.27,0.395169752024395,NA
"Layer1","FEV1 -> cogperf",FALSE,"Inverse variance weighted",0.124965419024169,0.0313100519015639,6.57332593826822e-05,NA,NA,NA,193,63.96,0.32292560661282,1.01973499143389e-85
"Layer1","FEV1 -> cogperf",FALSE,"MR Egger",0.21438790591996,0.0955103628172168,0.025937255184466,NA,NA,NA,193,63.96,0.32292560661282,2.68320096921278e-85
"Layer1","FEV1 -> cogperf",FALSE,"Weighted median",0.122502732514122,0.0274119638128835,7.86040067244307e-06,NA,NA,NA,193,63.96,0.32292560661282,NA
"Layer1","FEV1 -> cogperf",FALSE,"Weighted mode",0.133643477890907,0.0915246843534369,0.145872063179216,NA,NA,NA,193,63.96,0.32292560661282,NA
"Layer1","FEV1 -> AD_overall",TRUE,"Inverse variance weighted",-0.0953129807109143,0.0556059223345103,0.0865140959428691,0.909088362815757,0.815217289423519,1.01376855242049,193,63.96,0.722402281940424,3.53199009878696e-09
"Layer1","FEV1 -> AD_overall",TRUE,"MR Egger",-0.0370902738508057,0.172880612551395,0.830352753065545,0.963589144519944,0.686646088546706,1.3522308725327,193,63.96,0.722402281940424,2.80180441217899e-09
"Layer1","FEV1 -> AD_overall",TRUE,"Weighted median",-0.0433775018876036,0.0693445288218362,0.531619302866388,0.957549844955398,0.835861141499296,1.09695457780158,193,63.96,0.722402281940424,NA
"Layer1","FEV1 -> AD_overall",TRUE,"Weighted mode",0.0891976732207458,0.253907247239014,0.725748323762204,1.09329675045751,0.664672705696407,1.79832536271906,193,63.96,0.722402281940424,NA
"Layer1","FEV1 -> AD_LOAD",TRUE,"Inverse variance weighted",-0.150178939573816,0.1016107059825,0.139412213914214,0.860553975485419,0.705156212077576,1.05019729251465,168,64.43,0.965348485179611,0.0217181800245573
"Layer1","FEV1 -> AD_LOAD",TRUE,"MR Egger",-0.135389136191065,0.354878308400633,0.70331375222597,0.873375983349586,0.435634965824803,1.75097425168259,168,64.43,0.965348485179611,0.0191175594649865
"Layer1","FEV1 -> AD_LOAD",TRUE,"Weighted median",-0.2292523752554,0.135970877726405,0.0917880434258295,0.795127837589731,0.609110674900287,1.03795304229994,168,64.43,0.965348485179611,NA
"Layer1","FEV1 -> AD_LOAD",TRUE,"Weighted mode",-0.413888350109819,0.59056812886798,0.484383928689592,0.661074756069603,0.207753731754425,2.10354745217797,168,64.43,0.965348485179611,NA
"Layer1","FEV1 -> hippocampus",FALSE,"Inverse variance weighted",0.0120622276689275,0.0481425107167048,0.802160089775661,NA,NA,NA,195,64.34,0.729445366194095,0.000318883266094239
"Layer1","FEV1 -> hippocampus",FALSE,"MR Egger",-0.0361464903491965,0.147311221146122,0.806426807364202,NA,NA,NA,195,64.34,0.729445366194095,0.000273801921355376
"Layer1","FEV1 -> hippocampus",FALSE,"Weighted median",-0.0582574960441268,0.0648754381924046,0.369190870073122,NA,NA,NA,195,64.34,0.729445366194095,NA
"Layer1","FEV1 -> hippocampus",FALSE,"Weighted mode",-0.104671757219428,0.21736404891944,0.630668072212202,NA,NA,NA,195,64.34,0.729445366194095,NA
"Layer1","FEV1adj -> intel",FALSE,"Inverse variance weighted",0.143563056642941,0.0405171622132191,0.000395204846234356,NA,NA,NA,149,63.09,0.842930077190329,2.66886182353007e-67
"Layer1","FEV1adj -> intel",FALSE,"MR Egger",0.168293401429696,0.131051336416195,0.201099507357919,NA,NA,NA,149,63.09,0.842930077190329,1.33711367994708e-67
"Layer1","FEV1adj -> intel",FALSE,"Weighted median",0.111411464398448,0.034259318299445,0.00114594123744907,NA,NA,NA,149,63.09,0.842930077190329,NA
"Layer1","FEV1adj -> intel",FALSE,"Weighted mode",0.0861857195631472,0.105080248439162,0.413427068112834,NA,NA,NA,149,63.09,0.842930077190329,NA
"Layer1","FEV1adj -> cogperf",FALSE,"Inverse variance weighted",0.145719590327826,0.0387353467413368,0.000168608506440929,NA,NA,NA,176,62.94,0.770537264514081,9.40432910155437e-80
"Layer1","FEV1adj -> cogperf",FALSE,"MR Egger",0.179358379715393,0.121524022617128,0.141775720533112,NA,NA,NA,176,62.94,0.770537264514081,5.11070953810835e-80
"Layer1","FEV1adj -> cogperf",FALSE,"Weighted median",0.123388435362817,0.0317522366400229,0.000101919498993416,NA,NA,NA,176,62.94,0.770537264514081,NA
"Layer1","FEV1adj -> cogperf",FALSE,"Weighted mode",0.13842633574302,0.151972007405748,0.363618220172172,NA,NA,NA,176,62.94,0.770537264514081,NA
"Layer1","FEV1adj -> AD_overall",TRUE,"Inverse variance weighted",-0.0437933087134093,0.0694437516640284,0.528282519919274,0.957151771960286,0.835351184780623,1.09671181565069,179,62.99,0.635883827594148,4.04588787347843e-10
"Layer1","FEV1adj -> AD_overall",TRUE,"MR Egger",-0.143610450597831,0.221668284008791,0.517913710267723,0.866225119821024,0.560974242951963,1.337576488825,179,62.99,0.635883827594148,3.27894037058077e-10
"Layer1","FEV1adj -> AD_overall",TRUE,"Weighted median",-0.0555115779345898,0.0814737333849355,0.495654325429427,0.946001070868509,0.806380071115329,1.10979680443563,179,62.99,0.635883827594148,NA
"Layer1","FEV1adj -> AD_overall",TRUE,"Weighted mode",0.17668705233111,0.304777509041987,0.562833316188122,1.19325760750281,0.656602238040319,2.16853314742416,179,62.99,0.635883827594148,NA
"Layer1","FEV1adj -> AD_LOAD",TRUE,"Inverse variance weighted",-0.0984424632615664,0.138582863752956,0.477486557298822,0.906247833658805,0.690689519860374,1.18908006042614,145,62.6,0.304748905208692,0.000145571040911586
"Layer1","FEV1adj -> AD_LOAD",TRUE,"MR Egger",-0.585904265830721,0.493128516671101,0.236748979391708,0.556602317720413,0.211731533440644,1.46320264656557,145,62.6,0.304748905208692,0.000155102629115008
"Layer1","FEV1adj -> AD_LOAD",TRUE,"Weighted median",-0.222838403733046,0.173194020372539,0.198219695541122,0.800244155314738,0.569897542868887,1.12369445372873,145,62.6,0.304748905208692,NA
"Layer1","FEV1adj -> AD_LOAD",TRUE,"Weighted mode",-0.397624051703207,0.586294909734359,0.498734507266093,0.671914585328667,0.212936330716211,2.12020752146371,145,62.6,0.304748905208692,NA
"Layer1","FEV1adj -> hippocampus",FALSE,"Inverse variance weighted",-0.0213772953942323,0.0545128909140127,0.694946501477591,NA,NA,NA,184,62.41,0.840966115293376,0.035764168761495
"Layer1","FEV1adj -> hippocampus",FALSE,"MR Egger",-0.0544451368755923,0.173401005611344,0.753892809467375,NA,NA,NA,184,62.41,0.840966115293376,0.032107189596134
"Layer1","FEV1adj -> hippocampus",FALSE,"Weighted median",-0.0462706500997618,0.0770633993682931,0.54822425380154,NA,NA,NA,184,62.41,0.840966115293376,NA
"Layer1","FEV1adj -> hippocampus",FALSE,"Weighted mode",-0.122175544377865,0.320706158351772,0.703676374758013,NA,NA,NA,184,62.41,0.840966115293376,NA
"Layer1","COPD -> intel",FALSE,"Inverse variance weighted",-0.0258589826435475,0.0168555874273457,0.124993000284454,NA,NA,NA,9,51.25,0.392411426269253,0.000615019140403566
"Layer1","COPD -> intel",FALSE,"MR Egger",-0.060724352731664,0.0418787823679779,0.190340041487391,NA,NA,NA,9,51.25,0.392411426269253,0.000949672317293899
"Layer1","COPD -> intel",FALSE,"Weighted median",-0.0196031549413359,0.0114129555520986,0.0858654025442692,NA,NA,NA,9,51.25,0.392411426269253,NA
"Layer1","COPD -> intel",FALSE,"Weighted mode",-0.0178520671311586,0.0551334751591161,0.754394443386932,NA,NA,NA,9,51.25,0.392411426269253,NA
"Layer1","COPD -> cogperf",FALSE,"Inverse variance weighted",-0.0210645914340153,0.0169720226874688,0.21455544542683,NA,NA,NA,10,50.66,0.863799151527645,0.000508808942564634
"Layer1","COPD -> cogperf",FALSE,"MR Egger",-0.0139909064839845,0.0437877425839053,0.757519141845733,NA,NA,NA,10,50.66,0.863799151527645,0.000258429918409432
"Layer1","COPD -> cogperf",FALSE,"Weighted median",-0.0133788498394786,0.0119195635221409,0.261680576366403,NA,NA,NA,10,50.66,0.863799151527645,NA
"Layer1","COPD -> cogperf",FALSE,"Weighted mode",-0.0111345399106293,0.0748512207926008,0.885026238351128,NA,NA,NA,10,50.66,0.863799151527645,NA
"Layer1","COPD -> AD_overall",TRUE,"Inverse variance weighted",-0.0930203310922609,0.0396680055628658,0.0190285487430357,0.91117497492534,0.843015763391569,0.984844970857987,11,49.45,0.324829610810337,0.015458862802629
"Layer1","COPD -> AD_overall",TRUE,"MR Egger",-0.00164269157726535,0.0962218469700909,0.98675171397244,0.998358656902064,0.826762744847639,1.20556957122563,11,49.45,0.324829610810337,0.0207423819995934
"Layer1","COPD -> AD_overall",TRUE,"Weighted median",-0.106180231632087,0.0395187011509313,0.00721325630492934,0.899262557910988,0.832237946310172,0.971685023070582,11,49.45,0.324829610810337,NA
"Layer1","COPD -> AD_overall",TRUE,"Weighted mode",-0.0972469433515032,0.120759605870806,0.439378122153105,0.907331918881009,0.716099775224094,1.14963199194228,11,49.45,0.324829610810337,NA
"Layer1","COPD -> AD_LOAD",TRUE,"Inverse variance weighted",-0.117492395577457,0.0847793133263555,0.165789165538014,0.889147273172308,0.753022742061723,1.04987914604702,9,50.52,0.698984295320211,0.0563077522727663
"Layer1","COPD -> AD_LOAD",TRUE,"MR Egger",-0.199570746119284,0.222513480145905,0.399569680860428,0.819082271871007,0.52956616342977,1.266878087052,9,50.52,0.698984295320211,0.0385715513778783
"Layer1","COPD -> AD_LOAD",TRUE,"Weighted median",-0.127472090455452,0.0809935692458805,0.115521099454775,0.880317984765378,0.751097742281512,1.03176951637131,9,50.52,0.698984295320211,NA
"Layer1","COPD -> AD_LOAD",TRUE,"Weighted mode",-0.160724851986117,0.171751054293116,0.376759661485529,0.851526334656848,0.60813589018184,1.19232742273658,9,50.52,0.698984295320211,NA
"Layer1","COPD -> hippocampus",FALSE,"Inverse variance weighted",0.0352858442115117,0.0272213375333889,0.194887022382295,NA,NA,NA,11,49.45,0.253864239201997,0.316320835878919
"Layer1","COPD -> hippocampus",FALSE,"MR Egger",-0.0352252509371396,0.0636637040671847,0.593532849985529,NA,NA,NA,11,49.45,0.253864239201997,0.357554335496944
"Layer1","COPD -> hippocampus",FALSE,"Weighted median",0.0352111127094336,0.0350913179160803,0.315661247754768,NA,NA,NA,11,49.45,0.253864239201997,NA
"Layer1","COPD -> hippocampus",FALSE,"Weighted mode",0.00828203639073793,0.142627272622348,0.954838665662415,NA,NA,NA,11,49.45,0.253864239201997,NA
